|宿泊初日|連泊数|宿泊人数|朝食|昼からチェックインプラン|お得な観光プラン|氏名|合計金額|
|"Monday"|"2"|"2"|"on"|"on"|"on"|"武田晴信"|"36000"|
|"Tuesday"|"3"|"8"|"off"|"on"|"on"|"真田昌虎"|"208000"|
|"Wednesday"|"1"|"9"|"off"|"off"|"on"|"山本寛太"|"90000"|
|"Thursday"|"9"|"1"|"off"|"on"|"on"|"上杉景虎"|"77500"|
|"Friday"|"9"|"9"|"off"|"off"|"off"|"直江愛子"|"713250"|
|"Saturday"|"9"|"1"|"on"|"off"|"off"|"武田信子"|"81000"|
|"Sunday"|"5"|"1"|"off"|"on"|"on"|"柿崎家時"|"43750"|
|宿泊初日|連泊数|宿泊人数|朝食|昼からチェックインプラン|お得な観光プラン|氏名|合計金額|
|"Monday"|"1"|"1"|"off"|"off"|"off"|"武田晴信"|"10000"|
|"Tuesday"|"5"|"9"|"off"|"on"|"on"|"真田昌虎"|"393750"|
|"Wednesday"|"9"|"8"|"off"|"on"|"on"|"山本寛太"|"620000"|
|"Thursday"|"2"|"9"|"on"|"on"|"on"|"上杉景虎"|"162000"|
|"Friday"|"5"|"2"|"off"|"off"|"off"|"直江愛子"|"91000"|
|"Saturday"|"2"|"2"|"off"|"on"|"off"|"武田信子"|"43000"|
|"Sunday"|"3"|"2"|"on"|"on"|"on"|"柿崎家時"|"55500"|
|宿泊初日|連泊数|宿泊人数|朝食|昼からチェックインプラン|お得な観光プラン|氏名|合計金額|
|"Monday"|"1"|"2"|"off"|"on"|"off"|"武田晴信"|"20000"|
|"Tuesday"|"3"|"9"|"off"|"on"|"off"|"真田昌虎"|"234000"|
|"Wednesday"|"5"|"8"|"off"|"on"|"on"|"山本寛太"|"364000"|
|"Thursday"|"9"|"1"|"on"|"off"|"on"|"上杉景虎"|"77500"|
|"Friday"|"2"|"9"|"on"|"on"|"on"|"直江愛子"|"177750"|
|"Saturday"|"2"|"8"|"on"|"on"|"off"|"武田信子"|"172000"|
|"Sunday"|"1"|"9"|"off"|"off"|"off"|"柿崎家時"|"105750"|
|宿泊初日|連泊数|宿泊人数|朝食|昼からチェックインプラン|お得な観光プラン|氏名|合計金額|
|"Monday"|"3"|"9"|"on"|"off"|"off"|"武田晴信"|"234000"|
|"Tuesday"|"2"|"1"|"on"|"off"|"off"|"真田昌虎"|"18000"|
|"Wednesday"|"1"|"2"|"off"|"on"|"on"|"山本寛太"|"20000"|
|"Thursday"|"9"|"2"|"on"|"on"|"on"|"上杉景虎"|"155000"|
|"Friday"|"9"|"9"|"on"|"off"|"off"|"直江愛子"|"713250"|
|"Saturday"|"5"|"8"|"on"|"on"|"on"|"武田信子"|"364000"|
|"Sunday"|"9"|"2"|"off"|"off"|"on"|"柿崎家時"|"158500"|
|宿泊初日|連泊数|宿泊人数|朝食|昼からチェックインプラン|お得な観光プラン|氏名|合計金額|
|"Monday"|"1"|"2"|"off"|"off"|"on"|"武田晴信"|"20000"|
|"Tuesday"|"2"|"1"|"off"|"off"|"off"|"真田昌虎"|"18000"|
|"Wednesday"|"1"|"1"|"on"|"off"|"off"|"山本寛太"|"10000"|
|"Thursday"|"5"|"8"|"on"|"on"|"on"|"上杉景虎"|"364000"|
|"Friday"|"9"|"9"|"off"|"on"|"off"|"直江愛子"|"713250"|
|"Saturday"|"3"|"2"|"on"|"on"|"on"|"武田信子"|"59000"|
|"Sunday"|"3"|"8"|"on"|"on"|"on"|"柿崎家時"|"222000"|
|宿泊初日|連泊数|宿泊人数|朝食|昼からチェックインプラン|お得な観光プラン|氏名|合計金額|
|"Monday"|"1"|"2"|"off"|"off"|"on"|"武田晴信"|"20000"|
|"Tuesday"|"3"|"9"|"on"|"off"|"on"|"真田昌虎"|"234000"|
|"Wednesday"|"9"|"1"|"on"|"on"|"on"|"山本寛太"|"77500"|
|"Thursday"|"3"|"1"|"off"|"off"|"on"|"上杉景虎"|"27750"|
|"Friday"|"5"|"1"|"off"|"off"|"off"|"直江愛子"|"45500"|
|"Saturday"|"2"|"8"|"off"|"off"|"off"|"武田信子"|"172000"|
|"Sunday"|"1"|"1"|"on"|"on"|"off"|"柿崎家時"|"11750"|
|宿泊初日|連泊数|宿泊人数|朝食|昼からチェックインプラン|お得な観光プラン|氏名|合計金額|
|"Monday"|"2"|"1"|"on"|"on"|"off"|"武田晴信"|"18000"|
|"Tuesday"|"5"|"2"|"on"|"on"|"on"|"真田昌虎"|"87500"|
|"Wednesday"|"3"|"8"|"off"|"on"|"off"|"山本寛太"|"208000"|
|"Thursday"|"1"|"9"|"off"|"off"|"off"|"上杉景虎"|"90000"|
|"Friday"|"1"|"8"|"on"|"off"|"off"|"直江愛子"|"80000"|
|"Saturday"|"9"|"1"|"off"|"off"|"on"|"武田信子"|"81000"|
|"Sunday"|"9"|"1"|"off"|"off"|"off"|"柿崎家時"|"79250"|
|宿泊初日|連泊数|宿泊人数|朝食|昼からチェックインプラン|お得な観光プラン|氏名|合計金額|
|"Monday"|"2"|"9"|"on"|"off"|"on"|"武田晴信"|"162000"|
|"Tuesday"|"9"|"9"|"on"|"on"|"on"|"真田昌虎"|"697500"|
|"Wednesday"|"2"|"8"|"on"|"on"|"on"|"山本寛太"|"144000"|
|"Thursday"|"3"|"2"|"off"|"on"|"on"|"上杉景虎"|"55500"|
|"Friday"|"3"|"1"|"off"|"on"|"off"|"直江愛子"|"29500"|
|"Saturday"|"1"|"2"|"on"|"off"|"on"|"武田信子"|"23500"|
|"Sunday"|"5"|"8"|"on"|"on"|"on"|"柿崎家時"|"350000"|
|宿泊初日|連泊数|宿泊人数|朝食|昼からチェックインプラン|お得な観光プラン|氏名|合計金額|
|"Monday"|"1"|"2"|"off"|"off"|"off"|"武田晴信"|"20000"|
|"Tuesday"|"2"|"9"|"off"|"on"|"off"|"真田昌虎"|"162000"|
|"Wednesday"|"3"|"1"|"on"|"on"|"on"|"山本寛太"|"26000"|
|"Thursday"|"3"|"2"|"on"|"off"|"on"|"上杉景虎"|"55500"|
|"Friday"|"2"|"8"|"on"|"on"|"off"|"直江愛子"|"158000"|
|"Saturday"|"5"|"8"|"off"|"off"|"on"|"武田信子"|"364000"|
|"Sunday"|"9"|"8"|"off"|"off"|"off"|"柿崎家時"|"634000"|
|宿泊初日|連泊数|宿泊人数|朝食|昼からチェックインプラン|お得な観光プラン|氏名|合計金額|
|"Monday"|"1"|"2"|"on"|"off"|"on"|"武田晴信"|"20000"|
|"Tuesday"|"3"|"2"|"off"|"off"|"off"|"真田昌虎"|"52000"|
|"Wednesday"|"3"|"1"|"on"|"on"|"off"|"山本寛太"|"26000"|
|"Thursday"|"2"|"1"|"off"|"on"|"off"|"上杉景虎"|"18000"|
|"Friday"|"9"|"9"|"off"|"on"|"off"|"直江愛子"|"713250"|
|"Saturday"|"5"|"8"|"off"|"off"|"off"|"武田信子"|"364000"|
|"Sunday"|"9"|"1"|"on"|"on"|"on"|"柿崎家時"|"79250"|
|宿泊初日|連泊数|宿泊人数|朝食|昼からチェックインプラン|お得な観光プラン|氏名|合計金額|
|"Monday"|"1"|"2"|"on"|"on"|"off"|"武田晴信"|"20000"|
|"Tuesday"|"3"|"8"|"off"|"off"|"on"|"真田昌虎"|"208000"|
|"Wednesday"|"1"|"9"|"off"|"on"|"on"|"山本寛太"|"90000"|
|"Thursday"|"9"|"9"|"off"|"off"|"on"|"上杉景虎"|"697500"|
|"Friday"|"2"|"9"|"off"|"on"|"off"|"直江愛子"|"177750"|
|"Saturday"|"3"|"9"|"off"|"on"|"off"|"武田信子"|"265500"|
|"Sunday"|"5"|"1"|"on"|"on"|"off"|"柿崎家時"|"43750"|
|宿泊初日|連泊数|宿泊人数|朝食|昼からチェックインプラン|お得な観光プラン|氏名|合計金額|
|"Monday"|"9"|"8"|"off"|"on"|"on"|"武田晴信"|"620000"|
|"Tuesday"|"2"|"9"|"on"|"on"|"on"|"真田昌虎"|"162000"|
|"Wednesday"|"5"|"9"|"on"|"off"|"off"|"山本寛太"|"409500"|
|"Thursday"|"3"|"2"|"on"|"on"|"on"|"上杉景虎"|"55500"|
|"Friday"|"3"|"1"|"on"|"off"|"on"|"直江愛子"|"29500"|
|"Saturday"|"3"|"2"|"on"|"on"|"off"|"武田信子"|"59000"|
|"Sunday"|"1"|"1"|"off"|"on"|"off"|"柿崎家時"|"11750"|
|宿泊初日|連泊数|宿泊人数|朝食|昼からチェックインプラン|お得な観光プラン|氏名|合計金額|
|"Monday"|"1"|"1"|"off"|"on"|"on"|"武田晴信"|"10000"|
|"Tuesday"|"5"|"1"|"on"|"off"|"on"|"真田昌虎"|"43750"|
|"Wednesday"|"1"|"8"|"on"|"on"|"on"|"山本寛太"|"80000"|
|"Thursday"|"9"|"2"|"off"|"on"|"off"|"上杉景虎"|"155000"|
|"Friday"|"3"|"1"|"on"|"off"|"off"|"直江愛子"|"29500"|
|"Saturday"|"5"|"9"|"on"|"off"|"on"|"武田信子"|"409500"|
|"Sunday"|"2"|"8"|"on"|"off"|"on"|"柿崎家時"|"158000"|
|宿泊初日|連泊数|宿泊人数|朝食|昼からチェックインプラン|お得な観光プラン|氏名|合計金額|
|"Monday"|"9"|"2"|"on"|"on"|"on"|"武田晴信"|"155000"|
|"Tuesday"|"3"|"2"|"off"|"off"|"off"|"真田昌虎"|"52000"|
|"Wednesday"|"1"|"1"|"off"|"on"|"on"|"山本寛太"|"10000"|
|"Thursday"|"5"|"1"|"on"|"off"|"on"|"上杉景虎"|"45500"|
|"Friday"|"1"|"8"|"on"|"on"|"off"|"直江愛子"|"80000"|
|"Saturday"|"5"|"9"|"on"|"off"|"off"|"武田信子"|"409500"|
|"Sunday"|"2"|"9"|"off"|"off"|"on"|"柿崎家時"|"177750"|
|宿泊初日|連泊数|宿泊人数|朝食|昼からチェックインプラン|お得な観光プラン|氏名|合計金額|
|"Monday"|"1"|"9"|"off"|"on"|"off"|"武田晴信"|"90000"|
|"Tuesday"|"3"|"2"|"on"|"on"|"on"|"真田昌虎"|"52000"|
|"Wednesday"|"2"|"8"|"off"|"off"|"off"|"山本寛太"|"144000"|
|"Thursday"|"5"|"2"|"on"|"off"|"on"|"上杉景虎"|"91000"|
|"Friday"|"2"|"1"|"on"|"on"|"off"|"直江愛子"|"19750"|
|"Saturday"|"3"|"1"|"on"|"on"|"on"|"武田信子"|"29500"|
|"Sunday"|"9"|"9"|"on"|"off"|"on"|"柿崎家時"|"713250"|
|宿泊初日|連泊数|宿泊人数|朝食|昼からチェックインプラン|お得な観光プラン|氏名|合計金額|
|"Monday"|"1"|"1"|"off"|"off"|"off"|"武田晴信"|"10000"|
|"Tuesday"|"2"|"9"|"on"|"on"|"on"|"真田昌虎"|"162000"|
|"Wednesday"|"9"|"1"|"off"|"on"|"on"|"山本寛太"|"77500"|
|"Thursday"|"9"|"9"|"on"|"off"|"off"|"上杉景虎"|"697500"|
|"Friday"|"1"|"8"|"off"|"off"|"on"|"直江愛子"|"80000"|
|"Saturday"|"3"|"8"|"on"|"on"|"on"|"武田信子"|"236000"|
|"Sunday"|"5"|"2"|"off"|"on"|"on"|"柿崎家時"|"87500"|
|宿泊初日|連泊数|宿泊人数|朝食|昼からチェックインプラン|お得な観光プラン|氏名|合計金額|
|"Monday"|"1"|"1"|"on"|"off"|"on"|"武田晴信"|"10000"|
|"Tuesday"|"5"|"8"|"off"|"off"|"off"|"真田昌虎"|"350000"|
|"Wednesday"|"2"|"1"|"on"|"on"|"on"|"山本寛太"|"18000"|
|"Thursday"|"3"|"9"|"off"|"off"|"off"|"上杉景虎"|"249750"|
|"Friday"|"2"|"8"|"off"|"on"|"off"|"直江愛子"|"158000"|
|"Saturday"|"9"|"2"|"on"|"on"|"on"|"武田信子"|"162000"|
|"Sunday"|"9"|"2"|"on"|"on"|"off"|"柿崎家時"|"158500"|
|宿泊初日|連泊数|宿泊人数|朝食|昼からチェックインプラン|お得な観光プラン|氏名|合計金額|
|"Monday"|"2"|"8"|"on"|"off"|"off"|"武田晴信"|"144000"|
|"Tuesday"|"2"|"8"|"on"|"off"|"off"|"真田昌虎"|"144000"|
|"Wednesday"|"1"|"1"|"off"|"on"|"on"|"山本寛太"|"10000"|
|"Thursday"|"9"|"9"|"on"|"on"|"off"|"上杉景虎"|"697500"|
|"Friday"|"3"|"2"|"on"|"on"|"off"|"直江愛子"|"59000"|
|"Saturday"|"5"|"9"|"off"|"on"|"on"|"武田信子"|"409500"|
|"Sunday"|"1"|"9"|"off"|"on"|"on"|"柿崎家時"|"105750"|
|宿泊初日|連泊数|宿泊人数|朝食|昼からチェックインプラン|お得な観光プラン|氏名|合計金額|
|"Monday"|"1"|"1"|"off"|"off"|"off"|"武田晴信"|"10000"|
|"Tuesday"|"3"|"9"|"on"|"on"|"on"|"真田昌虎"|"234000"|
|"Wednesday"|"9"|"2"|"on"|"off"|"on"|"山本寛太"|"155000"|
|"Thursday"|"5"|"9"|"on"|"off"|"off"|"上杉景虎"|"409500"|
|"Friday"|"5"|"9"|"on"|"off"|"off"|"直江愛子"|"409500"|
|"Saturday"|"2"|"8"|"off"|"off"|"on"|"武田信子"|"172000"|
|"Sunday"|"5"|"2"|"on"|"on"|"off"|"柿崎家時"|"87500"|
|宿泊初日|連泊数|宿泊人数|朝食|昼からチェックインプラン|お得な観光プラン|氏名|合計金額|
|"Monday"|"1"|"1"|"off"|"off"|"off"|"武田晴信"|"10000"|
|"Tuesday"|"3"|"9"|"on"|"off"|"on"|"真田昌虎"|"234000"|
|"Wednesday"|"2"|"2"|"off"|"on"|"off"|"山本寛太"|"36000"|
|"Thursday"|"9"|"2"|"on"|"on"|"on"|"上杉景虎"|"155000"|
|"Friday"|"5"|"8"|"on"|"on"|"on"|"直江愛子"|"364000"|
|"Saturday"|"1"|"1"|"on"|"on"|"on"|"武田信子"|"11750"|
|"Sunday"|"2"|"1"|"off"|"off"|"on"|"柿崎家時"|"19750"|
|宿泊初日|連泊数|宿泊人数|朝食|昼からチェックインプラン|お得な観光プラン|氏名|合計金額|
|"Monday"|"1"|"1"|"off"|"off"|"off"|"武田晴信"|"10000"|
|"Tuesday"|"2"|"9"|"on"|"on"|"on"|"真田昌虎"|"162000"|
|"Wednesday"|"2"|"8"|"on"|"on"|"on"|"山本寛太"|"144000"|
|"Thursday"|"2"|"9"|"on"|"off"|"off"|"上杉景虎"|"162000"|
|"Friday"|"9"|"2"|"off"|"off"|"on"|"直江愛子"|"158500"|
|"Saturday"|"5"|"2"|"off"|"on"|"off"|"武田信子"|"91000"|
|"Sunday"|"3"|"8"|"off"|"on"|"off"|"柿崎家時"|"222000"|
|宿泊初日|連泊数|宿泊人数|朝食|昼からチェックインプラン|お得な観光プラン|氏名|合計金額|
|"Monday"|"1"|"1"|"off"|"off"|"off"|"武田晴信"|"10000"|
|"Tuesday"|"2"|"2"|"on"|"on"|"on"|"真田昌虎"|"36000"|
|"Wednesday"|"3"|"8"|"on"|"on"|"on"|"山本寛太"|"208000"|
|"Thursday"|"9"|"9"|"on"|"on"|"on"|"上杉景虎"|"697500"|
|"Friday"|"5"|"2"|"off"|"on"|"on"|"直江愛子"|"91000"|
|"Saturday"|"3"|"9"|"on"|"off"|"on"|"武田信子"|"265500"|
|"Sunday"|"1"|"1"|"off"|"off"|"on"|"柿崎家時"|"11750"|
|宿泊初日|連泊数|宿泊人数|朝食|昼からチェックインプラン|お得な観光プラン|氏名|合計金額|
|"Monday"|"2"|"1"|"off"|"off"|"on"|"武田晴信"|"18000"|
|"Tuesday"|"1"|"9"|"on"|"on"|"off"|"真田昌虎"|"90000"|
|"Wednesday"|"2"|"1"|"on"|"on"|"off"|"山本寛太"|"18000"|
|"Thursday"|"9"|"8"|"on"|"off"|"on"|"上杉景虎"|"620000"|
|"Friday"|"5"|"2"|"off"|"off"|"on"|"直江愛子"|"91000"|
|"Saturday"|"2"|"8"|"on"|"off"|"off"|"武田信子"|"172000"|
|"Sunday"|"3"|"2"|"on"|"on"|"on"|"柿崎家時"|"55500"|
|宿泊初日|連泊数|宿泊人数|朝食|昼からチェックインプラン|お得な観光プラン|氏名|合計金額|
|"Monday"|"5"|"1"|"off"|"off"|"off"|"武田晴信"|"42000"|
|"Tuesday"|"9"|"2"|"on"|"on"|"on"|"真田昌虎"|"155000"|
|"Wednesday"|"1"|"8"|"off"|"on"|"off"|"山本寛太"|"80000"|
|"Thursday"|"2"|"9"|"off"|"on"|"on"|"上杉景虎"|"162000"|
|"Friday"|"3"|"2"|"off"|"off"|"off"|"直江愛子"|"59000"|
|"Saturday"|"3"|"1"|"off"|"off"|"on"|"武田信子"|"29500"|
|"Sunday"|"1"|"2"|"off"|"off"|"off"|"柿崎家時"|"23500"|
|宿泊初日|連泊数|宿泊人数|朝食|昼からチェックインプラン|お得な観光プラン|氏名|合計金額|
|"Monday"|"5"|"9"|"on"|"off"|"off"|"武田晴信"|"378000"|
|"Tuesday"|"3"|"2"|"on"|"on"|"on"|"真田昌虎"|"52000"|
|"Wednesday"|"9"|"2"|"on"|"on"|"on"|"山本寛太"|"155000"|
|"Thursday"|"9"|"8"|"off"|"on"|"off"|"上杉景虎"|"620000"|
|"Friday"|"2"|"8"|"on"|"on"|"on"|"直江愛子"|"158000"|
|"Saturday"|"3"|"9"|"on"|"off"|"off"|"武田信子"|"265500"|
|"Sunday"|"1"|"1"|"off"|"off"|"off"|"柿崎家時"|"11750"|
